City,Lat,Lng,Max Temp,Humidity,Cloudiness,Wind Speed,Country,Date
albany,42.6001,-73.9662,20.03,91,42,1.44,US,1691717666
bardai,11.65,7.2333,20.98,95,100,3.32,NG,1691718000
boende,-0.2167,20.8667,22.21,95,93,0.57,CD,1691718053
geraldton,-28.7667,114.6,15.23,88,100,1.54,AU,1691717994
laguna,38.421,-121.4238,33.38,38,0,5.14,US,1691718054
tralee,52.2704,-9.7026,13.42,96,15,2.48,IE,1691718054
port-aux-francais,-49.35,70.2167,3.33,77,49,16.3,TF,1691717963
saint-philippe,-21.3585,55.7679,19.77,78,1,2.15,RE,1691718054
ushuaia,-54.8,-68.3,1.81,87,75,1.54,AR,1691717984
lazaro cardenas,17.9583,-102.2,28.45,77,20,3.36,MX,1691717965
tamanrasset,22.785,5.5228,24.95,11,0,2.57,DZ,1691718055
st. john's,47.5649,-52.7093,17.86,94,75,3.09,CA,1691717750
port mathurin,-19.6833,63.4167,23.11,78,27,9.45,MU,1691717960
west island,-12.1568,96.8225,25.99,83,100,6.69,CC,1691717988
ilulissat,69.2167,-51.1,7.01,81,75,1.54,GL,1691717972
uturoa,-16.7333,-151.4333,24.98,70,99,8.78,PF,1691718038
al marj,32.488,20.8317,21.37,74,0,3.88,LY,1691718056
aksu,41.1231,80.2644,27.56,35,99,2.32,CN,1691717818
touros,-5.1989,-35.4608,24.25,82,12,6.19,BR,1691717979
edinburgh of the seven seas,-37.0676,-12.3116,12.0,74,96,12.84,SH,1691717962
uchiza,-8.4592,-76.4633,24.47,75,99,1.37,PE,1691718057
virginia beach,36.8529,-75.978,26.04,88,75,3.09,US,1691718057
bethel,41.3712,-73.414,21.47,86,93,1.3,US,1691717942
adamstown,-25.066,-130.1015,18.45,57,15,10.57,PN,1691717967
namtsy,62.7161,129.6658,23.08,50,99,5.28,RU,1691718058
east london,-33.0153,27.9116,18.22,53,0,4.36,ZA,1691717978
nadi,-17.8,177.4167,22.0,83,100,3.09,FJ,1691718058
lebu,-37.6167,-73.65,8.85,75,100,3.85,CL,1691718020
korla,41.7597,86.1469,31.24,20,3,6.81,CN,1691718037
selfoss,63.9331,-20.9971,13.36,86,60,4.18,IS,1691718059
thurgoona,-36.0451,146.9919,12.03,100,95,0.89,AU,1691718059
waitangi,-43.9535,-176.5597,12.12,88,100,3.13,NZ,1691717960
wainwright,52.839,-110.8572,17.33,61,60,8.95,CA,1691718059
grytviken,-54.2811,-36.5092,0.14,98,100,5.28,GS,1691717957
ust'-kulom,61.6864,53.6902,14.01,77,8,1.14,RU,1691718060
kapa'a,22.0752,-159.319,31.18,69,20,6.17,US,1691718060
biltine,14.5333,20.9167,26.08,72,43,2.47,TD,1691718060
buka,40.8108,69.1986,25.57,29,0,2.06,UZ,1691718061
papatowai,-46.5619,169.4708,7.84,74,99,1.62,NZ,1691717958
diego de almagro,-26.3667,-70.05,15.7,33,37,0.22,CL,1691718061
horta,38.5333,-28.6333,20.57,88,1,3.58,PT,1691718061
dunedin,-45.8742,170.5036,8.93,54,99,0.49,NZ,1691718062
happy valley-goose bay,53.3168,-60.3315,15.17,67,75,3.6,CA,1691718062
rio de janeiro,-22.9028,-43.2075,24.98,75,40,3.6,BR,1691717899
flying fish cove,-10.4217,105.6791,24.82,83,40,6.17,CX,1691717968
stanley,54.868,-1.6985,18.83,87,0,1.54,GB,1691718024
klyuchi,52.2667,79.1667,15.9,84,100,6.15,RU,1691717997
seria,4.6167,114.3167,28.12,67,87,2.75,BN,1691718063
yellowknife,62.456,-114.3525,21.29,43,100,1.54,CA,1691717748
olonkinbyen,70.9221,-8.7187,6.36,99,98,2.97,SJ,1691717967
praia,14.9215,-23.5087,26.3,73,20,3.09,CV,1691718064
castillos,-34.1667,-53.8333,15.78,95,100,2.31,UY,1691718064
blackmans bay,-43.0167,147.3167,11.52,72,100,2.82,AU,1691717978
urdinarrain,-32.6857,-58.8932,17.23,83,100,2.07,AR,1691718064
canton,23.1167,113.25,28.82,61,76,1.1,CN,1691717898
vorkuta,67.5,64.0,6.4,86,83,4.74,RU,1691718065
waldbrunn,50.5167,8.1167,15.52,88,4,0.9,DE,1691718065
lihue,21.9789,-159.3672,30.77,61,20,6.17,US,1691718034
las heras,-46.5419,-68.9359,4.79,86,100,9.46,AR,1691718065
avarua,-21.2078,-159.775,24.03,88,75,5.66,CK,1691717965
huarmey,-10.0681,-78.1522,19.47,82,15,4.52,PE,1691718066
ribeira grande,38.5167,-28.7,20.99,88,0,3.58,PT,1691717960
kruisfontein,-34.0033,24.7314,18.82,33,0,5.86,ZA,1691718066
tolanaro,-25.0319,46.9987,18.04,72,75,2.06,MG,1691718067
sovetskaya gavan',48.9723,140.2878,15.4,96,100,1.0,RU,1691717973
port alfred,-33.5906,26.891,19.14,48,0,4.33,ZA,1691718002
puerto natales,-51.7236,-72.4875,-0.71,94,22,1.63,CL,1691717957
ayios konstandinos,38.6333,21.4,20.12,72,0,1.73,GR,1691718068
bilibino,68.0546,166.4372,13.78,66,99,1.64,RU,1691717984
college,64.8569,-147.8028,21.15,71,75,1.54,US,1691717974
arar,30.9753,41.0381,31.01,13,0,2.06,SA,1691718068
midvagur,62.0511,-7.1939,12.46,94,40,6.17,FO,1691718069
inari,68.906,27.0288,12.11,94,8,2.61,FI,1691718069
greytown,-29.0642,30.5928,8.09,87,0,1.01,ZA,1691718069
hadibu,12.65,54.0333,25.43,81,100,7.71,YE,1691718070
mount isa,-20.7333,139.5,24.87,25,4,5.66,AU,1691717975
nagar karnul,16.4821,78.3247,25.35,78,99,4.15,IN,1691718070
west samoset,27.4695,-82.5568,32.16,76,20,2.75,US,1691718070
invercargill,-46.4,168.35,8.34,75,91,1.34,NZ,1691717970
karagandy,49.8019,73.1021,13.97,82,100,5.61,KZ,1691718071
russellville,35.2784,-93.1338,29.08,54,0,1.54,US,1691718071
mutare,-18.9707,32.6709,12.08,88,95,1.55,ZW,1691718072
ust-tsilma,65.441,52.1498,13.9,75,5,0.76,RU,1691718072
wailua homesteads,22.0669,-159.378,30.44,70,20,6.17,US,1691717966
gwadar,25.1216,62.3254,26.78,82,87,3.14,PK,1691718072
puerto ayora,-0.7393,-90.3518,24.75,93,36,2.24,EC,1691717670
coquimbo,-29.9533,-71.3436,13.85,88,0,3.09,CL,1691717922
keflavik,64.0049,-22.5624,13.95,88,0,5.14,IS,1691717961
polyarnyy,69.1989,33.4478,15.16,88,1,3.72,RU,1691717969
fortaleza,-3.7227,-38.5247,27.07,74,75,4.63,BR,1691717859
port said,31.2565,32.2841,25.99,78,0,1.54,EG,1691718074
liberal,37.0431,-100.921,32.08,37,0,4.12,US,1691718074
enewetak,11.3474,162.3373,28.58,76,27,5.71,MH,1691717993
tarfaya,27.9358,-12.9218,21.87,88,6,7.9,MA,1691718075
rawson,-43.3002,-65.1023,13.38,42,14,10.28,AR,1691718075
blackwater,-23.5833,148.8833,23.16,76,0,0.96,AU,1691718075
mugia,43.1041,-9.2179,19.95,93,24,3.59,ES,1691718075
yuzhno-kurilsk,44.0306,145.8556,22.45,86,100,4.88,RU,1691718076
al muwayh,22.4333,41.7583,27.3,21,40,2.68,SA,1691718076
tual,-5.6667,132.75,25.64,81,35,8.72,ID,1691718076
isafjordur,66.0755,-23.124,6.54,91,65,4.6,IS,1691718077
al kharijah,25.4514,30.5464,28.92,27,0,5.07,EG,1691718033
portland,45.5234,-122.6762,27.19,49,20,4.63,US,1691717461
saipan,15.1355,145.701,27.39,100,100,5.36,MP,1691718022
saint-pierre,-21.3393,55.4781,19.82,64,0,3.6,RE,1691718077
dakhla,23.6848,-15.958,22.22,79,57,6.29,EH,1691718078
tsiombe,-25.3,45.4833,18.22,50,80,4.69,MG,1691717967
tiksi,71.6872,128.8694,20.0,37,8,5.34,RU,1691717966
talnakh,69.4865,88.3972,8.45,65,100,8.07,RU,1691717795
port saint john's,-31.6229,29.5448,16.25,84,0,3.36,ZA,1691718021
riberalta,-10.9833,-66.1,28.38,46,84,1.52,BO,1691717999
poteau,35.0537,-94.6236,30.86,89,0,0.0,US,1691718079
shingu,33.7333,135.9833,28.94,75,21,4.32,JP,1691718079
holualoa,19.6228,-155.9522,25.91,79,75,4.63,US,1691717793
hithadhoo,-0.6,73.0833,27.84,75,100,4.76,MV,1691718037
newman,37.3138,-121.0208,32.99,50,94,0.89,US,1691718080
carnarvon,-24.8667,113.6333,20.88,67,5,2.09,AU,1691718080
iqaluit,63.7506,-68.5145,5.85,93,75,3.6,CA,1691717974
hola,51.5377,23.1902,12.1,77,16,0.97,PL,1691718081
gilgit,35.9221,74.3087,27.97,50,15,0.9,PK,1691718081
harrisonburg,38.4496,-78.8689,21.76,80,0,0.0,US,1691717831
hawaiian paradise park,19.5933,-154.9731,28.18,77,0,4.63,US,1691717984
ust-nera,64.5667,143.2,23.65,35,59,0.56,RU,1691717981
haiku-pauwela,20.9219,-156.3051,29.01,66,20,8.23,US,1691718082
mejit,10.2753,170.8646,28.05,78,42,5.83,MH,1691718082
ceeldheer,3.8488,47.1806,23.69,85,49,7.85,SO,1691718083
copiapo,-27.3667,-70.3333,11.83,50,10,1.14,CL,1691718083
hermanus,-34.4187,19.2345,15.18,57,0,1.26,ZA,1691717974
shinas,24.7433,56.4658,32.02,84,95,1.65,OM,1691718084
qaqortoq,60.7167,-46.0333,6.81,77,100,0.54,GL,1691717979
kone,-21.0595,164.8658,23.74,37,0,4.4,NC,1691718084
zeya,53.75,127.2667,25.95,42,71,2.18,RU,1691718036
adiake,5.2863,-3.304,23.36,89,93,2.37,CI,1691718084
jamestown,42.097,-79.2353,19.77,88,0,5.66,US,1691717913
thompson,55.7435,-97.8558,17.09,55,100,1.03,CA,1691717983
sandnessjoen,66.0217,12.6316,10.29,88,62,3.96,NO,1691718085
tura,25.5198,90.2201,24.64,97,100,2.51,IN,1691718085
labrador city,52.9463,-66.9114,14.95,77,100,1.54,CA,1691718086
nova vicosa,-17.8919,-39.3719,22.14,81,52,2.83,BR,1691718086
akureyri,65.6835,-18.0878,6.96,87,100,1.54,IS,1691718079
champerico,14.3,-91.9167,28.73,79,100,3.03,GT,1691718086
anadyr,64.75,177.4833,11.28,76,100,1.0,RU,1691717999
tikrit,34.6071,43.6782,35.41,20,1,6.87,IQ,1691718087
sao martinho,39.5144,-9.1311,20.07,82,3,2.68,PT,1691718087
sao joao da barra,-21.6403,-41.0511,22.4,86,0,8.21,BR,1691718026
new norfolk,-42.7826,147.0587,12.18,73,100,2.8,AU,1691718033
prince rupert,54.3161,-130.3201,15.05,92,100,5.66,CA,1691718023
kirtland,36.7342,-108.3598,29.61,28,0,5.14,US,1691718088
chibougamau,49.9168,-74.3659,16.79,77,75,2.06,CA,1691717993
vadso,70.0744,29.7487,17.09,77,20,6.69,NO,1691718088
alzamay,55.5562,98.6644,21.65,54,4,2.93,RU,1691718089
smithers,54.7804,-127.1743,20.18,49,75,1.03,CA,1691718089
san luis de la loma,17.2706,-100.8939,27.67,83,30,2.04,MX,1691718089
vientiane,17.9667,102.6,28.11,75,100,2.74,LA,1691718019
nioki,-2.7167,17.6833,23.58,73,100,1.35,CD,1691718090
la'ie,21.6477,-157.9253,30.98,66,14,6.54,US,1691718090
fortuna,40.5982,-124.1573,21.63,75,0,5.66,US,1691718090
ketou,7.3633,2.5998,21.83,97,91,1.52,BJ,1691718091
kerikeri,-35.2268,173.9474,13.93,43,6,2.77,NZ,1691718091
atafu village,-8.5421,-172.5159,28.13,75,72,4.61,TK,1691718027
murashi,59.3999,48.9615,16.32,87,5,1.28,RU,1691718091
tadine,-21.55,167.8833,20.09,52,0,7.85,NC,1691718092
iskateley,67.6803,53.1512,13.12,72,6,1.05,RU,1691717962
punta arenas,-53.15,-70.9167,1.62,81,12,4.93,CL,1691717970
margaret river,-33.95,115.0667,14.43,67,22,2.35,AU,1691717971
ambon,-3.6954,128.1814,27.08,78,40,3.09,ID,1691718093
viedma,-40.8135,-62.9967,13.94,39,100,7.88,AR,1691718093
malango,-2.9627,119.9001,23.78,78,100,1.04,ID,1691718093
nova sintra,14.8667,-24.7167,22.51,75,28,4.52,CV,1691718094
acarau,-2.8856,-40.12,25.37,86,12,6.54,BR,1691718019
oum hadjer,13.2954,19.6966,25.57,77,88,2.48,TD,1691718094
chonchi,-42.6128,-73.8092,4.56,93,32,1.99,CL,1691718025
yanchep,-31.55,115.6833,12.56,84,99,3.07,AU,1691718095
callao,-12.0667,-77.15,21.16,73,100,4.63,PE,1691717991
bredasdorp,-34.5322,20.0403,12.23,73,0,1.07,ZA,1691717987
klaksvik,62.2266,-6.589,12.51,98,99,6.85,FO,1691718095
sweetwater,25.7634,-80.3731,28.01,87,100,2.57,US,1691718096
sinabang,2.4803,96.3801,27.24,78,91,0.71,ID,1691718097
sarina,-21.4333,149.2167,24.23,59,0,3.82,AU,1691718030
tazovsky,67.4667,78.7,6.16,55,0,10.21,RU,1691717994
scinawa,51.4163,16.4251,17.41,71,27,2.19,PL,1691718098
metlili chaamba,32.2667,3.6333,28.52,20,0,0.0,DZ,1691718098
port elizabeth,-33.918,25.5701,20.05,67,0,2.06,ZA,1691717976
menongue,-14.6585,17.691,11.63,48,6,2.09,AO,1691718098
villanueva,15.3167,-88.0,28.55,79,20,5.14,HN,1691718099
jobat,22.4167,74.5667,24.08,86,29,4.18,IN,1691718099
al bawiti,28.3492,28.8659,23.94,57,0,3.52,EG,1691718100
murghob,38.1702,73.9667,13.09,40,26,1.14,TJ,1691718100
teknaf,20.8624,92.3058,25.46,90,100,3.11,BD,1691718100
egilsstadir,65.2653,-14.3948,6.95,93,75,3.09,IS,1691718100
whitehorse,60.7161,-135.0538,20.05,77,75,1.03,CA,1691717990
zouerate,22.7187,-12.4521,34.5,20,26,1.95,MR,1691718101
ust'-ilimsk,58.0006,102.6619,21.49,53,95,1.86,RU,1691718101
cidreira,-30.1811,-50.2056,17.63,96,95,6.83,BR,1691718101
queenstown,-31.8976,26.8753,10.01,49,0,2.99,ZA,1691718026
mozarlandia,-14.7447,-50.5706,27.77,33,70,2.32,BR,1691718102
nhamunda,-2.1861,-56.7131,27.13,60,60,0.76,BR,1691718102
maputo,-25.9653,32.5892,16.82,82,75,0.0,MZ,1691718102
villa gesell,-37.2639,-56.973,12.81,93,100,4.5,AR,1691718102
sisimiut,66.9395,-53.6735,7.95,88,100,4.61,GL,1691718103
vielha,42.6846,0.7726,14.48,62,10,0.63,ES,1691718103
kainantu,-6.2887,145.8655,20.03,71,88,2.17,PG,1691718103
lorengau,-2.0226,147.2712,28.49,72,98,7.39,PG,1691717981
goz beida,13.95,20.55,25.14,78,67,1.3,TD,1691718104
mossel bay,-34.1831,22.146,17.32,52,0,3.05,ZA,1691718104
houma,29.5958,-90.7195,31.0,77,0,2.06,US,1691718104
rudbar,30.15,62.6,28.84,25,0,5.48,AF,1691718104
chulakkurgan,43.765,69.1814,22.92,48,0,3.37,KZ,1691718105
malpur,23.35,73.45,24.79,84,6,3.82,IN,1691718105
bodo,67.28,14.405,15.53,70,0,6.69,NO,1691718105
cabo san lucas,22.8909,-109.9124,32.56,72,40,2.57,MX,1691718105
nuuk,64.1835,-51.7216,8.34,87,75,6.69,GL,1691718092
kununurra,-15.7667,128.7333,27.99,32,80,4.12,AU,1691717992
aasiaat,68.7098,-52.8699,3.68,88,100,0.77,GL,1691717971
saint-francois,46.4154,3.9054,16.69,88,0,1.54,FR,1691718106
punta del este,-34.9667,-54.95,16.09,88,100,4.12,UY,1691718106
kindu,-2.95,25.95,21.17,87,95,0.71,CD,1691718107
bereeda,11.8704,51.0579,29.37,55,58,7.26,SO,1691718107
axim,4.8699,-2.2405,23.61,88,36,2.35,GH,1691718107
maragogi,-9.0122,-35.2225,23.43,85,65,3.88,BR,1691718107
magadan,59.5667,150.8,21.41,66,0,1.56,RU,1691718108
adre,13.4667,22.2,22.76,82,50,1.65,TD,1691718108
nyurba,63.2842,118.3319,23.57,52,97,5.0,RU,1691718108
port lincoln,-34.7333,135.8667,13.31,62,99,2.28,AU,1691718108
nizhneudinsk,54.9076,99.0276,20.91,59,4,2.49,RU,1691718108
colonia,50.9333,6.95,17.14,81,0,2.06,DE,1691717854
lagodekhi,41.8268,46.2767,24.5,57,0,1.01,GE,1691718109
mpulungu,-8.7623,31.1141,19.48,58,0,3.06,ZM,1691718109
jumla,29.2747,82.1838,19.64,80,100,0.59,NP,1691718109
nar'yan-mar,67.6713,53.087,13.15,72,6,1.09,RU,1691718028
altai,46.3722,96.2583,18.27,43,0,1.83,MN,1691718110
bam,29.106,58.357,27.49,19,0,4.34,IR,1691718110
kingston,17.997,-76.7936,26.25,96,58,0.45,JM,1691717884
northam,51.0333,-4.2167,18.55,97,72,6.37,GB,1691718110
nema,57.5067,50.5011,16.47,83,4,1.94,RU,1691718032
bamboo flat,11.7,92.7167,29.05,84,40,3.09,IN,1691718111
box elder,41.5005,-112.8764,26.52,38,5,3.91,US,1691718111
seminole,28.7086,-81.2081,31.87,82,20,3.09,US,1691718099
kaa-khem,51.6833,94.7333,20.86,52,20,2.12,RU,1691718111
zakamensk,50.3741,103.2863,19.69,54,34,0.62,RU,1691718112
nyala,12.05,24.8833,25.12,70,99,3.21,SD,1691718112
puerto aysen,-45.4,-72.7,2.36,96,87,2.5,CL,1691718112
canutama,-6.5339,-64.3831,27.31,59,50,1.05,BR,1691718112
nelson bay,-32.7167,152.15,17.83,55,0,1.79,AU,1691718112
afaahiti,-17.75,-149.2833,25.93,69,100,8.24,PF,1691718113
longyearbyen,78.2186,15.6401,8.91,87,100,1.54,SJ,1691717981
dudinka,69.4058,86.1778,8.68,41,91,12.5,RU,1691718113
minas de marcona,-15.2119,-75.1103,12.36,89,88,6.41,PE,1691718113
alice springs,-23.7,133.8833,21.75,23,0,3.09,AU,1691717987
le port,-20.9373,55.2919,20.0,86,1,1.52,RE,1691718114
fort st. john,56.2499,-120.8529,16.94,77,75,3.6,CA,1691717969
masterton,-40.9597,175.6575,11.05,66,28,4.21,NZ,1691718114
luis correia,-2.8792,-41.6669,25.28,84,16,5.06,BR,1691718115
jiagedaqi,50.4167,124.1167,23.2,65,100,2.25,CN,1691718115
kijang,35.2442,129.2139,28.85,78,20,5.65,KR,1691718115
kodiak,57.79,-152.4072,13.73,88,100,2.06,US,1691717972
kaharlyk,49.8623,30.8282,14.76,81,43,3.42,UA,1691718115
poronaysk,49.2167,143.1167,12.68,96,100,1.97,RU,1691718116
sitka,57.0531,-135.33,15.94,82,100,3.6,US,1691717973
udachny,66.4167,112.4,20.28,62,99,4.46,RU,1691717961
zarinsk,53.7074,84.9493,16.17,95,100,2.62,RU,1691718116
krasnyy chikoy,50.3643,108.7512,19.93,67,8,1.94,RU,1691718116
gobabis,-22.45,18.9667,11.38,41,13,4.64,NA,1691717962
usinsk,65.9939,57.5281,12.52,74,57,3.69,RU,1691718117
chirilagua,13.2203,-88.1386,29.83,86,59,1.66,SV,1691718117
vorgashor,67.5833,63.95,6.24,85,89,4.74,RU,1691717966
luorong,24.4058,109.6086,30.53,73,5,0.77,CN,1691718118
puerto baquerizo moreno,-0.9,-89.6,23.85,83,64,6.23,EC,1691718118
bontang,0.1333,117.5,27.92,73,100,4.41,ID,1691718118
raduzhnyy,62.0961,77.475,11.2,87,100,6.62,RU,1691718118
utrik,11.2278,169.8474,28.18,76,6,5.84,MH,1691718118
sittwe,20.15,92.9,25.7,89,100,2.93,MM,1691718119
ziniare,12.5822,-1.2983,25.02,94,94,3.17,BF,1691718120
aluksne,57.4167,27.05,11.76,93,91,1.3,LV,1691718120
daru,-9.0763,143.2092,25.68,69,95,7.67,PG,1691718121
ardakan,32.31,54.0175,25.97,20,0,2.69,IR,1691718121
namsos,64.4662,11.4957,11.95,87,100,1.03,NO,1691718121
pandan,14.0453,124.1694,31.81,62,85,2.03,PH,1691718122
hami,42.8,93.45,32.37,16,0,2.99,CN,1691718122
okha,53.5739,142.9478,15.89,76,8,6.09,RU,1691718123
mentor-on-the-lake,41.705,-81.3604,22.13,88,40,3.09,US,1691718123
nchelenge,-9.3451,28.734,16.41,49,0,2.69,ZM,1691718124
verkhneural'sk,53.8769,59.2106,12.32,91,3,2.57,RU,1691718124
verkhnevilyuysk,63.4453,120.3167,23.05,52,96,4.68,RU,1691718124
atar,20.5169,-13.0499,36.28,21,55,6.88,MR,1691718124
pingnan,23.5543,110.3976,29.85,76,36,1.36,CN,1691718125
huntington,38.4193,-82.4452,22.96,94,5,0.45,US,1691718125
ashkasham,36.6833,71.5333,12.22,51,0,0.7,AF,1691718125
linxia chengguanzhen,35.6003,103.2064,17.79,89,100,2.06,CN,1691718125
terrace,54.5163,-128.6035,17.95,72,75,8.23,CA,1691718126
berdigestyakh,62.0989,126.6992,23.68,48,0,4.05,RU,1691718126
sinjai,-5.1241,120.253,27.64,71,94,4.33,ID,1691718126
rikaze,29.25,88.8833,16.93,50,100,0.92,CN,1691718126
muravlenko,63.7898,74.523,9.28,71,8,10.48,RU,1691718127
yanbu,24.0891,38.0637,29.02,70,0,4.63,SA,1691718127
tibu,8.639,-72.7358,25.26,86,100,0.59,CO,1691718127
calangute,15.5439,73.7553,25.66,84,96,1.9,IN,1691718128
palikir - national government center,6.9248,158.1611,31.41,74,75,3.6,FM,1691718128
boa vista,2.8197,-60.6733,28.99,65,0,3.6,BR,1691717998
i-n-salah,27.1935,2.4607,33.06,15,0,4.22,DZ,1691718128
sahy,48.0741,18.9495,12.0,80,32,1.25,SK,1691718129
gizo,-8.103,156.8419,25.31,88,100,8.59,SB,1691718129
ixtapa,20.7,-105.2,30.57,79,75,3.09,MX,1691718129
undurkhaan,47.3194,110.6556,21.26,65,47,4.6,MN,1691718129
luwuk,-0.9516,122.7875,27.31,74,100,3.17,ID,1691718130
camden,39.7835,-74.9663,23.16,96,65,3.38,US,1691718026
hun,29.1268,15.9477,24.0,67,0,2.55,LY,1691718130
thanatpin,17.2119,96.3033,25.1,84,100,2.75,MM,1691718130
saint-joseph,-21.3667,55.6167,19.21,77,0,1.59,RE,1691718131
alta sierra,35.7291,-118.5495,18.77,45,61,3.91,US,1691718131
glasgow,55.8652,-4.2576,18.97,83,75,1.54,GB,1691718124
georgetown,5.4112,100.3354,28.96,81,20,1.54,MY,1691717738
howrah,22.5892,88.3103,27.0,89,75,1.54,IN,1691717963
hamilton,39.1834,-84.5333,23.57,80,20,2.57,US,1691717842
panguipulli,-39.6333,-72.3333,3.78,99,91,1.12,CL,1691718132
requena,39.4883,-1.1004,22.51,82,10,1.29,ES,1691718132
laojunmiao,39.8333,97.7333,24.29,30,23,0.39,CN,1691717984
hurghada,27.2574,33.8129,29.02,48,0,7.2,EG,1691717893
cockburn town,21.4612,-71.1419,28.88,86,100,9.63,TC,1691718133
turpan,42.9333,89.1667,37.15,17,0,2.97,CN,1691718133
shimanovsk,52.0,127.7,26.21,44,3,3.41,RU,1691718133
el bauga,18.262,33.9081,28.75,59,96,11.94,SD,1691718134
posse,-14.0931,-46.3694,20.64,45,2,3.68,BR,1691718126
mili,6.0815,171.735,28.54,72,23,5.18,MH,1691718134
kapuskasing,49.4169,-82.4331,16.05,88,75,3.6,CA,1691717841
fort bragg,35.139,-79.006,28.08,81,0,1.54,US,1691718004
puerto lempira,15.2667,-83.7667,26.98,87,5,3.22,HN,1691718135
antsiranana,-12.2787,49.2917,21.2,84,2,4.62,MG,1691718135
wotho,10.1657,166.0102,28.37,75,47,5.39,MH,1691718136
douglas,41.3,-96.167,28.11,80,0,4.63,US,1691717850
tremp,42.167,0.8949,22.59,63,40,2.08,ES,1691718136
kisanga,-7.4362,37.7034,19.56,74,5,0.6,TZ,1691718136
mount pearl,47.5166,-52.7813,17.4,94,75,3.09,CA,1691718136
hammerfest,70.6634,23.6821,17.25,67,20,4.12,NO,1691717978
barra de santo antonio,-9.4047,-35.5072,22.6,86,48,3.73,BR,1691718137
hilo,19.7297,-155.09,32.93,78,0,4.63,US,1691718137
valparaiso,-33.0393,-71.6273,14.44,66,20,1.54,CL,1691718137
qulsary,46.9531,54.0198,25.94,30,0,3.93,KZ,1691718138
semnan,35.5729,53.3971,24.65,29,0,2.58,IR,1691718138
puerto armuelles,8.2833,-82.8667,27.27,91,100,1.34,PA,1691717984
kyshtovka,56.555,76.6271,11.66,96,100,3.65,RU,1691718138
zhirnovsk,50.9845,44.7735,21.48,45,85,3.55,RU,1691718138
lincoln city,44.9582,-124.0179,21.52,66,0,7.15,US,1691718013
campechuela,20.2342,-77.2789,27.88,80,85,3.68,CU,1691718139
walvis bay,-22.9575,14.5053,13.53,94,63,2.57,NA,1691718139
nainwa,25.7667,75.85,27.45,70,33,3.89,IN,1691718140
remire-montjoly,4.9167,-52.2667,25.02,94,56,0.0,GF,1691717995
shahr-e babak,30.1165,55.1186,21.11,21,0,4.13,IR,1691718023
drayton valley,53.2168,-114.9854,16.41,64,3,5.77,CA,1691718141
ciudad sabinas hidalgo,26.5,-100.1667,34.61,31,4,6.34,MX,1691718046
alofi,-19.0595,-169.9187,28.94,74,35,3.6,NU,1691717968
ancud,-41.8697,-73.8203,6.18,75,34,4.88,CL,1691718017
margate,51.3813,1.3862,18.72,78,38,0.89,GB,1691718033
nova xavantina,-14.6667,-52.35,26.2,37,2,1.07,BR,1691718142
sorong,-0.8833,131.25,28.3,64,19,4.37,ID,1691717975
pisco,-13.7,-76.2167,20.03,77,100,7.2,PE,1691718142
zhezqazghan,47.7833,67.7667,17.32,77,0,5.0,KZ,1691718142
sargur,11.9833,76.4167,22.08,86,99,1.6,IN,1691718143
dzuunmod,48.2199,97.3744,16.33,55,0,1.07,MN,1691718143
kismayo,-0.3582,42.5454,24.01,83,82,6.37,SO,1691717969
igarka,67.4667,86.5833,10.39,90,100,7.5,RU,1691718031
gonzaga,44.9498,10.8209,22.32,80,100,2.78,IT,1691718144
codrington,-38.2667,141.9667,13.47,71,100,6.17,AU,1691718144
kangding,30.0513,101.9603,21.24,73,100,1.48,CN,1691718144
aral,40.5156,81.2636,30.98,22,100,1.67,CN,1691718144
papao,-17.75,-149.55,26.82,70,100,9.05,PF,1691718145
choyr,46.3611,108.3611,20.54,65,2,5.27,MN,1691717990
porto novo,6.4965,2.6036,25.9,87,100,2.81,BJ,1691717979
bikenibeu village,1.3673,173.1241,29.98,79,40,2.57,KI,1691718145
persembe,41.0656,37.7714,24.68,88,97,1.1,TR,1691718145
aur,8.1499,171.1687,27.98,77,100,5.5,MH,1691718146
tambovka,50.0969,128.0489,25.42,53,0,4.47,RU,1691718146
chernomorskoye,45.5039,32.6997,23.43,79,100,5.5,UA,1691718146
basco,20.4487,121.9702,28.08,84,100,9.42,PH,1691718147
terenozek,45.05,64.9833,24.34,42,0,5.02,KZ,1691718147
nicoya,10.1483,-85.452,25.73,88,100,0.48,CR,1691718147
beichengqu,40.4394,113.1536,21.16,72,100,3.65,CN,1691718147
ko pha ngan,9.7578,100.0291,26.38,78,24,6.86,TH,1691718148
dos de mayo,-27.0228,-54.6867,17.53,95,47,1.29,AR,1691718148
kolokani,13.5728,-8.0339,23.19,91,100,2.51,ML,1691718148
taulaga,-11.0553,-171.0883,27.41,80,70,6.38,AS,1691718148
taichung,24.1469,120.6839,34.16,64,75,3.09,TW,1691718149
portel,-1.9356,-50.8211,24.93,82,11,2.12,BR,1691718149
kamin-kashyrskyi,51.6241,24.9586,14.81,89,99,1.07,UA,1691718149
balkanabat,39.5108,54.3671,32.92,24,0,2.41,TM,1691718150
santo antonio do ica,-3.1022,-67.9397,24.32,93,90,1.24,BR,1691718150
kenora,49.8167,-94.4337,16.54,72,75,3.09,CA,1691718150
karratha,-20.7377,116.8463,25.55,35,4,2.97,AU,1691718150
vilyuchinsk,52.9306,158.4028,20.15,71,66,3.22,RU,1691718151
san patricio,28.017,-97.5169,31.97,74,0,7.24,US,1691718151
huntsville,34.7304,-86.5861,26.89,89,100,0.45,US,1691718151
nouadhibou,20.931,-17.0347,21.99,83,40,3.09,MR,1691718152
praya,14.9215,-23.5087,26.3,73,20,3.09,CV,1691718152
kavieng,-2.5744,150.7967,27.85,75,97,6.64,PG,1691718152
ilomantsi,62.6716,30.9328,10.94,82,55,2.03,FI,1691718153
emerald,-23.5333,148.1667,23.52,40,0,0.4,AU,1691718153
dryden,49.7833,-92.7503,17.16,63,75,2.06,CA,1691718153
asadabad,34.7824,48.1185,16.97,28,0,2.34,IR,1691718153
illapel,-31.6308,-71.1653,10.85,77,15,1.08,CL,1691718154
bengkulu,-3.8004,102.2655,25.78,82,50,2.05,ID,1691718154
paithan,19.4833,75.3833,24.03,80,82,3.56,IN,1691718154
christchurch,-43.5333,172.6333,10.51,66,68,2.57,NZ,1691718154
hancheng,32.5186,112.3522,29.86,67,55,2.4,CN,1691718155
colotlan,22.1,-103.2667,16.84,90,100,1.04,MX,1691718019
mana,5.6592,-53.7767,25.47,89,10,3.47,GF,1691718155
sao gabriel da cachoeira,-0.1303,-67.0892,23.12,98,100,0.12,BR,1691718155
kristiansund,63.1115,7.732,11.03,93,100,0.0,NO,1691718023
chingirlau,51.095,54.0814,20.61,48,0,3.4,KZ,1691718156
shakawe,-18.3667,21.85,12.1,46,0,2.61,BW,1691718156
nagqu,31.5,92.0,9.69,78,100,0.42,CN,1691717958
barcelona,41.3888,2.159,26.42,63,0,2.57,ES,1691717700
yung shue wan,22.2333,114.1167,31.43,89,100,0.45,HK,1691718157
kuwait city,29.3697,47.9783,37.14,42,57,1.34,KW,1691717880
aqadyr,48.2553,72.8483,18.41,74,59,2.57,KZ,1691718157
necochea,-38.5473,-58.7368,11.23,85,100,3.11,AR,1691718157
port moresby,-9.4431,147.1797,29.68,42,0,7.72,PG,1691718072
mil'kovo,55.6078,37.7956,18.11,84,98,2.72,RU,1691718158
badger,64.8,-147.5333,21.1,72,20,1.54,US,1691717970
castro,-24.7911,-50.0119,15.33,74,0,1.94,BR,1691718158
korsakov,46.6328,142.7813,15.91,93,100,4.22,RU,1691718159
broadstairs,51.3591,1.4394,18.66,78,38,0.89,GB,1691718159
mundri,-6.9558,111.71,28.68,57,8,3.55,ID,1691718159
weno,7.4515,151.8468,29.97,70,100,2.57,FM,1691718159
beira,-19.8436,34.8389,19.05,88,20,3.91,MZ,1691718160
moanda,-1.5575,13.2178,21.23,91,12,0.82,GA,1691718160
mega,4.05,38.3,14.2,70,96,7.33,ET,1691718160
levuka,50.1834,-105.4011,15.84,44,72,4.11,CA,1691718160
ndioum,16.5129,-14.6471,27.91,62,100,8.8,SN,1691718161
lata,40.1629,-8.3327,17.73,94,0,1.33,PT,1691717974
constantia,44.1833,28.65,20.39,63,97,6.76,RO,1691717969
muli,2.9167,73.5667,28.12,75,99,6.16,MV,1691718161
shwebo,22.5667,95.7,25.62,84,100,4.06,MM,1691718161
brookings,44.3114,-96.7984,26.0,73,75,7.72,US,1691718162
hirara,24.8,125.2833,31.15,74,75,2.06,JP,1691718162
mount gambier,-37.8333,140.7667,13.93,67,100,4.08,AU,1691718162
arno,60.1167,18.6333,13.77,92,100,3.74,SE,1691718163
pimentel,-6.8367,-79.9342,22.16,78,100,7.72,PE,1691718164
dawson creek,55.7666,-120.2362,21.8,35,20,5.14,CA,1691718164
san juan de los morros,9.9115,-67.3538,22.52,91,83,1.07,VE,1691718165
ambagarh chauki,20.7833,80.7167,25.8,78,99,2.38,IN,1691718165
saldanha,-33.0117,17.9442,9.03,54,5,5.36,ZA,1691718165
tiquipaya,-17.3382,-66.2189,18.4,30,20,5.14,BO,1691718166
ma'rib,15.4591,45.3253,28.18,12,100,1.86,YE,1691718166
marka,1.7159,44.7717,24.08,84,58,7.18,SO,1691718166
al 'aziziyah,32.9058,45.0616,36.04,16,0,4.48,IQ,1691718166
whakatane,-37.9585,176.9854,13.62,62,22,3.58,NZ,1691718167
bela vista,-22.1089,-56.5211,25.32,37,0,2.7,BR,1691718167
dauphin,51.1494,-100.0502,14.08,94,100,2.57,CA,1691718167
puerto madryn,-42.7692,-65.0385,14.38,40,6,12.92,AR,1691718167
manokwari,-0.8667,134.0833,28.26,71,28,2.48,ID,1691718168
coyhaique,-45.5752,-72.0662,3.97,60,75,3.09,CL,1691718168
padang,-0.9492,100.3543,26.03,77,51,1.62,ID,1691718168
kalemie,-5.9475,29.1947,21.23,60,12,1.2,CD,1691718168
rundu,-17.9333,19.7667,13.22,38,78,3.32,NA,1691718168
xai-xai,-25.0519,33.6442,15.66,73,0,1.43,MZ,1691718169
naze,28.3667,129.4833,27.51,78,100,1.57,JP,1691718169
juquia,-24.3208,-47.6347,18.33,99,12,0.62,BR,1691718169
belmonte,-15.8631,-38.8828,22.06,82,97,2.29,BR,1691718169
kataba,13.9833,44.3833,20.54,42,64,1.16,YE,1691718170
harrison,30.4091,-89.0436,33.04,77,0,6.17,US,1691718170
kidal,18.4411,1.4078,29.43,51,98,2.03,ML,1691718170
moree,-29.4667,149.85,21.53,34,0,3.74,AU,1691718170
maceio,-9.6658,-35.7353,22.69,94,40,1.54,BR,1691718171
quellon,-43.1167,-73.6167,6.14,81,40,3.09,CL,1691718171
narasannapeta,18.4167,84.05,29.51,65,62,3.15,IN,1691718171
kikwit,-5.041,18.8162,26.6,55,100,0.9,CD,1691718171
kanchanaburi,14.6333,99.1,26.36,80,88,2.6,TH,1691718171
gamay,12.3854,125.2979,32.31,60,90,2.75,PH,1691718172
saudarkrokur,65.7461,-19.6394,6.33,93,38,2.09,IS,1691717989
chaman,30.9236,66.4512,26.84,17,1,1.42,PK,1691718172
sur,22.5667,59.5289,29.3,63,98,3.0,OM,1691718021
dhemaji,27.4833,94.5833,27.04,94,100,1.17,IN,1691718173
formosa do rio preto,-11.0483,-45.1931,21.55,44,31,1.0,BR,1691718173
khandyga,62.6667,135.6,25.14,32,1,2.36,RU,1691718173
yatou,37.15,122.3833,27.47,61,100,8.22,CN,1691718173
sinop,41.7711,34.8709,19.24,95,82,0.83,TR,1691718173
nurmo,62.8287,22.9099,13.31,90,0,3.6,FI,1691718174
torghay,49.6339,63.4981,19.45,56,27,7.73,KZ,1691718174
maddela,16.3414,121.6849,31.63,62,100,1.34,PH,1691718174
ta`u,-14.2336,-169.5144,27.64,73,100,5.62,AS,1691718023
krasnokamensk,50.0979,118.0369,18.38,81,100,1.84,RU,1691718175
las lomitas,-24.7096,-60.593,24.03,48,51,0.57,AR,1691718175
pizarro,4.9533,-77.366,26.06,89,100,1.54,CO,1691718175
yamrat,10.1116,9.826,21.39,94,100,0.46,NG,1691718175
luderitz,-26.6481,15.1594,17.08,65,60,1.29,NA,1691718175
gillette,44.2911,-105.5022,25.03,44,0,4.63,US,1691718176
al 'amarah,31.8406,47.1396,36.92,13,1,2.38,IQ,1691718176
cambria,35.5641,-121.0808,22.41,88,65,0.45,US,1691718176
plastun,44.7561,136.2939,16.78,98,100,3.08,RU,1691718176
pemba,-12.974,40.5178,21.2,75,3,7.23,MZ,1691718176
usogorsk,63.4106,48.6872,16.3,75,0,1.83,RU,1691718177
egersund,58.4513,5.9997,8.38,86,5,3.66,NO,1691718177
kiunga,-6.1219,141.2906,26.62,68,98,2.5,PG,1691718177
yuktae-dong,40.0247,128.1597,22.41,96,100,8.33,KP,1691718177
el nido,11.1858,119.3956,28.81,78,100,5.95,PH,1691718178
qarauyl,48.9451,79.255,18.82,71,66,5.05,KZ,1691718178
constitucion,-35.3333,-72.4167,9.43,87,100,1.81,CL,1691718178
san andres,12.5847,-81.7006,29.01,84,20,3.6,CO,1691718178
benjamin hill,30.1667,-111.1,31.44,41,87,4.21,MX,1691718178
pacific grove,36.6177,-121.9166,21.68,87,75,4.12,US,1691717698
eno,62.8051,30.1542,13.39,79,85,1.62,FI,1691718179
bauchi,10.5,10.0,21.22,94,100,1.02,NG,1691718179
warrensburg,38.7628,-93.7361,26.94,69,0,1.54,US,1691718179
pitogo,13.7847,122.0881,30.14,69,90,4.97,PH,1691718179
maslyanino,54.3436,84.2111,14.57,97,100,2.86,RU,1691718180
ain sukhna,29.6002,32.3167,23.39,83,0,4.02,EG,1691718180
lejanias,3.5251,-74.0216,20.67,93,82,2.24,CO,1691718180
san antonio de pale,-1.4014,5.6325,23.33,87,99,4.72,GQ,1691718181
molina,-35.1167,-71.2833,9.65,88,100,1.03,CL,1691718181
kourou,5.1552,-52.6478,25.03,90,63,2.66,GF,1691718181
paradip garh,20.3167,86.6167,29.75,69,100,4.21,IN,1691718181
alo,7.4178,6.7371,22.97,98,100,1.37,NG,1691718182
ceylanpinar,36.8472,40.05,31.21,29,0,3.5,TR,1691718182
nadym,65.5333,72.5167,6.52,65,0,10.98,RU,1691718182
olyokminsk,60.3736,120.4264,26.35,43,100,2.42,RU,1691718182
ponta delgada,37.7333,-25.6667,23.4,83,75,4.12,PT,1691718032
toliara,-23.35,43.6667,16.24,76,0,5.9,MG,1691718183
yelizovo,53.1873,158.3805,20.08,52,20,2.0,RU,1691718183
broken hill,-31.95,141.4333,16.12,41,0,2.67,AU,1691718184
lodwar,3.1191,35.5973,25.98,49,8,5.45,KE,1691718184
chesterton,41.6106,-87.0642,24.38,96,100,0.0,US,1691718184
protaras,35.0125,34.0583,27.21,95,2,0.89,CY,1691718184
luanco,43.6152,-5.7934,21.37,84,29,1.29,ES,1691718184
nemuro,43.3236,145.575,21.08,92,100,6.54,JP,1691717977
kota kinabalu,5.9749,116.0724,31.6,70,20,4.02,MY,1691718185
reggane,26.7158,0.1714,34.39,15,0,4.95,DZ,1691718185
pielavesi,63.2333,26.75,11.8,97,5,2.27,FI,1691718187
straja,47.9167,25.55,12.88,87,91,1.4,RO,1691718187
bay harbor,30.1471,-85.6146,30.01,80,0,5.66,US,1691718187
rabo de peixe,37.8,-25.5833,22.73,83,75,4.63,PT,1691718187
santa rosa,14.3122,121.1114,31.16,74,76,4.3,PH,1691718188
oyama,36.3,139.8,32.55,55,21,2.46,JP,1691718188
vila velha,-20.3297,-40.2925,21.97,88,75,2.06,BR,1691718188
twon-brass,4.3151,6.2418,25.76,83,100,3.58,NG,1691718027
la ronge,55.1001,-105.2842,13.14,100,100,7.2,CA,1691717974
cantanhede,-3.6333,-44.3767,22.93,94,4,1.62,BR,1691718189
ingeniero jacobacci,-41.3427,-69.5448,3.17,54,32,11.68,AR,1691718189
kerema,-7.9631,145.7785,25.84,74,56,3.1,PG,1691718190
bouira,36.3749,3.902,27.0,30,1,0.71,DZ,1691718190
monte alegre,-2.0078,-54.0692,26.49,64,40,2.08,BR,1691718190
vernon,50.2581,-119.2691,25.42,44,62,2.24,CA,1691718190
darnah,32.767,22.6367,25.03,67,0,7.98,LY,1691718190
sao vicente,-23.9631,-46.3919,25.1,26,19,1.75,BR,1691718191
sao miguel do araguaia,-13.275,-50.1628,26.05,35,2,2.36,BR,1691718191
araioses,-2.89,-41.9031,25.29,84,18,3.95,BR,1691718191
plainfield,40.6168,-74.4173,22.25,96,0,0.0,US,1691718175
ola,59.5833,151.2833,21.75,68,0,2.31,RU,1691718192
arkhangel'sk,64.5401,40.5433,18.14,87,67,0.69,RU,1691718192
katsuren-haebaru,26.3369,127.8719,31.21,79,40,2.06,JP,1691718192
ilha de mocambique,-15.0342,40.7358,20.72,86,25,6.65,MZ,1691718192
tindouf,27.6711,-8.1474,37.25,13,40,3.09,DZ,1691718193
carutapera,-1.195,-46.02,24.42,90,11,2.15,BR,1691718193
qingyuan,23.7,113.0333,26.99,84,96,1.57,CN,1691718193
kievka,50.2619,71.5514,15.17,80,100,5.88,KZ,1691718193
bridge city,30.0208,-93.8457,32.0,69,0,5.14,US,1691718194
mikomeseng,2.1361,10.6132,20.0,99,96,0.95,GQ,1691718194
luganville,-15.5333,167.1667,23.15,58,15,7.11,VU,1691718194
vanimo,-2.6741,141.3028,29.62,69,96,3.67,PG,1691718194
inongo,-1.95,18.2667,20.0,91,94,2.1,CD,1691718195
fale old settlement,-9.3852,-171.2468,27.97,77,92,5.47,TK,1691718195
nampa,43.5407,-116.5635,32.66,24,0,3.6,US,1691718195
sukumo,32.9333,132.7333,28.57,81,81,3.0,JP,1691718195
boa esperanca do sul,-21.9925,-48.3908,21.49,46,0,2.28,BR,1691718196
los alamos,35.8881,-106.307,27.31,28,0,4.63,US,1691718196
cangas del narcea,43.1833,-6.55,19.02,90,7,1.35,ES,1691718196
wewak,-3.5534,143.6268,28.6,72,100,3.66,PG,1691718196
fuyang,32.9,115.8167,30.59,71,57,2.36,CN,1691718196
tahe,52.3333,124.7333,24.68,52,100,3.14,CN,1691718197
kupang,-10.1667,123.5833,29.32,48,20,7.72,ID,1691718197
male,4.1748,73.5089,28.97,79,75,6.69,MV,1691718197
micoud,13.8167,-60.9,28.99,82,20,9.26,LC,1691718197
obligado,-27.0333,-55.6333,23.11,71,95,3.27,PY,1691718198
vila franca do campo,37.7167,-25.4333,23.23,93,84,2.53,PT,1691718198
slivnitsa,42.85,23.0333,14.94,91,31,1.4,BG,1691718198
taroa,8.7058,171.2275,27.95,78,88,5.67,MH,1691718198
harar,9.3094,42.1258,15.47,87,58,2.46,ET,1691718199
yonggang-up,38.8561,125.4244,22.59,96,100,0.35,KP,1691718199
mersa matruh,31.3525,27.2453,26.11,65,0,2.57,EG,1691718199
eyl,7.9803,49.8164,24.5,77,99,8.71,SO,1691718199
piacabucu,-10.4056,-36.4344,22.77,89,25,3.63,BR,1691718200
malters,47.0363,8.1819,18.2,91,20,2.06,CH,1691718200
pueblo nuevo,23.3833,-105.3833,15.67,97,100,0.6,MX,1691718200
pontianak,-0.0333,109.3333,24.99,88,75,3.09,ID,1691718016
kattivakkam,13.2167,80.3167,26.71,86,100,3.96,IN,1691718201
moapa valley,36.5805,-114.4703,37.21,22,31,3.13,US,1691718004
bowen,-20.0167,148.2333,22.63,50,2,6.8,AU,1691718201
tan-tan,28.438,-11.1032,28.58,46,87,4.09,MA,1691718201
